id;cancelled;created_by;last_modified_by;created_date;last_modified_date
1;false;front-end Bike salmon;Oregon;2022-05-08T00:23:50;2022-05-07T23:22:31
2;true;world-class Administrator Soft;sensor Internal;2022-05-08T00:15:09;2022-05-08T04:48:51
3;false;Central Pizza niches;Small;2022-05-08T00:21:35;2022-05-07T22:10:59
4;false;budgetary defect;Pizza;2022-05-07T09:41:52;2022-05-07T11:07:31
5;false;Steel generation;Home;2022-05-07T09:29:55;2022-05-08T00:42:40
6;true;Personal;Michigan Fish engineer;2022-05-07T18:09:56;2022-05-07T22:00:30
7;true;deposit navigate Operations;hack Egypt;2022-05-07T09:59:35;2022-05-07T18:10:00
8;true;Accountability Adaptive Auto;Wooden;2022-05-08T01:36:42;2022-05-08T03:43:56
9;true;Account Units Cuban;Uzbekistan;2022-05-07T14:21:35;2022-05-07T21:27:41
10;false;Tasty;recontextualize Wooden Dirham;2022-05-07T18:58:27;2022-05-07T07:14:51
